[
  {
    "model": "survey.problem",
    "pk": 1,
    "fields": {
      "name": "Vivienda",
      "description": "Problemáticas relacionadas con vivienda, acceso a la vivienda propia, alquileres, construcción y desarrollo urbano residencial.",
      "color": "#ffc107",
      "is_active": true,
      "created_at": "2026-01-15T00:00:00Z",
      "updated_at": "2026-01-15T00:00:00Z"
    }
  },
  {
    "model": "survey.problem",
    "pk": 2,
    "fields": {
      "name": "Agricultura",
      "description": "Problemáticas relacionadas con la actividad agropecuaria, uso del suelo rural, producción agrícola y ganadera.",
      "color": "#17a2b8",
      "is_active": true,
      "created_at": "2026-01-15T00:00:00Z",
      "updated_at": "2026-01-15T00:00:00Z"
    }
  },
  {
    "model": "survey.problem",
    "pk": 3,
    "fields": {
      "name": "Infraestructura",
      "description": "Calles, caminos, señalización, accesos y conectividad.",
      "color": "#28a745",
      "is_active": true,
      "created_at": "2026-01-15T00:00:00Z",
      "updated_at": "2026-01-15T00:00:00Z"
    }
  },
  {
    "model": "survey.problem",
    "pk": 4,
    "fields": {
      "name": "Ambiente",
      "description": "Espacios verdes, calidad del agua, tratamiento de residuos, contaminación y sustentabilidad.",
      "color": "#fd7e14",
      "is_active": true,
      "created_at": "2026-01-15T00:00:00Z",
      "updated_at": "2026-01-15T00:00:00Z"
    }
  },
  {
    "model": "survey.problem",
    "pk": 5,
    "fields": {
      "name": "Servicios",
      "description": "Salud, educación, seguridad, transporte y servicios básicos.",
      "color": "#6f42c1",
      "is_active": true,
      "created_at": "2026-01-15T00:00:00Z",
      "updated_at": "2026-01-15T00:00:00Z"
    }
  },
  {
    "model": "survey.survey",
    "pk": 1,
    "fields": {
      "problem": 1,
      "title": "Encuesta ciudadana para el nuevo Plan de Ordenamiento Territorial de Daireaux",
      "description": "Tu opinión cuenta para ordenar mejor nuestro territorio\n\nEl Municipio de Daireaux, junto con la Provincia de Buenos Aires, está trabajando en el nuevo Plan de Ordenamiento Territorial. Queremos conocer tus necesidades y prioridades para mejorar la vivienda, el comercio, los espacios verdes, los servicios y el ambiente en todo el partido.\n\n¡Ayudanos a construir un Daireaux más justo, sostenible y organizado!\n\nDaireaux que soñamos, Daireaux que construimos",
      "is_active": true,
      "created_at": "2026-01-15T00:00:00Z"
    }
  },
  {
    "model": "survey.surveysection",
    "pk": 1,
    "fields": {
      "survey": 1,
      "title": "Sección 1",
      "description": "",
      "order": 1
    }
  },
  {
    "model": "survey.surveyquestion",
    "pk": 1,
    "fields": {
      "section": 1,
      "text": "¿En qué zona?",
      "question_type": "single_choice",
      "is_required": false,
      "help_text": "",
      "order": 1
    }
  },
  {
    "model": "survey.surveyquestionoption",
    "pk": 1,
    "fields": {
      "question": 1,
      "text": "Céntrica",
      "value": "",
      "order": 1
    }
  },
  {
    "model": "survey.surveyquestionoption",
    "pk": 2,
    "fields": {
      "question": 1,
      "text": "Residencial",
      "value": "",
      "order": 2
    }
  },
  {
    "model": "survey.surveyquestionoption",
    "pk": 3,
    "fields": {
      "question": 1,
      "text": "Rural",
      "value": "",
      "order": 3
    }
  },
  {
    "model": "survey.surveyquestion",
    "pk": 2,
    "fields": {
      "section": 1,
      "text": "¿En qué barrio?",
      "question_type": "single_choice",
      "is_required": false,
      "help_text": "",
      "order": 2
    }
  },
  {
    "model": "survey.surveyquestionoption",
    "pk": 4,
    "fields": {
      "question": 2,
      "text": "Barrio C.E.C.O.",
      "value": "",
      "order": 1
    }
  },
  {
    "model": "survey.surveyquestionoption",
    "pk": 5,
    "fields": {
      "question": 2,
      "text": "Barrio FRONDIZZI",
      "value": "",
      "order": 2
    }
  },
  {
    "model": "survey.surveyquestionoption",
    "pk": 6,
    "fields": {
      "question": 2,
      "text": "Barrio PLAN SOLIDARIDAD",
      "value": "",
      "order": 3
    }
  },
  {
    "model": "survey.surveyquestionoption",
    "pk": 7,
    "fields": {
      "question": 2,
      "text": "Barrio 8 DE NOVIEMBRE",
      "value": "",
      "order": 4
    }
  },
  {
    "model": "survey.surveyquestionoption",
    "pk": 8,
    "fields": {
      "question": 2,
      "text": "Barrio PARQUE",
      "value": "",
      "order": 5
    }
  },
  {
    "model": "survey.surveyquestionoption",
    "pk": 9,
    "fields": {
      "question": 2,
      "text": "Barrio HOSPITAL",
      "value": "",
      "order": 6
    }
  },
  {
    "model": "survey.surveyquestionoption",
    "pk": 10,
    "fields": {
      "question": 2,
      "text": "Barrio GUGLIERI",
      "value": "",
      "order": 7
    }
  },
  {
    "model": "survey.surveyquestionoption",
    "pk": 11,
    "fields": {
      "question": 2,
      "text": "Barrio DON CANDIDO",
      "value": "",
      "order": 8
    }
  },
  {
    "model": "survey.surveyquestionoption",
    "pk": 12,
    "fields": {
      "question": 2,
      "text": "Barrio CENTRO",
      "value": "",
      "order": 9
    }
  },
  {
    "model": "survey.surveyquestionoption",
    "pk": 13,
    "fields": {
      "question": 2,
      "text": "Barrio OBRERO",
      "value": "",
      "order": 10
    }
  },
  {
    "model": "survey.surveyquestionoption",
    "pk": 14,
    "fields": {
      "question": 2,
      "text": "Barrio LOS TILOS",
      "value": "",
      "order": 11
    }
  },
  {
    "model": "survey.surveyquestionoption",
    "pk": 15,
    "fields": {
      "question": 2,
      "text": "Barrio VILLA PARDO",
      "value": "",
      "order": 12
    }
  },
  {
    "model": "survey.surveyquestionoption",
    "pk": 16,
    "fields": {
      "question": 2,
      "text": "Barrio L'AVEYRON",
      "value": "",
      "order": 13
    }
  },
  {
    "model": "survey.surveyquestionoption",
    "pk": 17,
    "fields": {
      "question": 2,
      "text": "Barrio VILLA OBRERA",
      "value": "",
      "order": 14
    }
  },
  {
    "model": "survey.surveyquestionoption",
    "pk": 18,
    "fields": {
      "question": 2,
      "text": "Barrio AVELLANEDA",
      "value": "",
      "order": 15
    }
  },
  {
    "model": "survey.surveyquestionoption",
    "pk": 19,
    "fields": {
      "question": 2,
      "text": "Barrio LIBERTAD",
      "value": "",
      "order": 16
    }
  },
  {
    "model": "survey.surveyquestionoption",
    "pk": 20,
    "fields": {
      "question": 2,
      "text": "Barrio JULIAN TAJADA",
      "value": "",
      "order": 17
    }
  },
  {
    "model": "survey.surveyquestionoption",
    "pk": 21,
    "fields": {
      "question": 2,
      "text": "Barrio LA PAZ",
      "value": "",
      "order": 18
    }
  },
  {
    "model": "survey.surveyquestion",
    "pk": 3,
    "fields": {
      "section": 1,
      "text": "¿Dónde trabaja habitualmente?",
      "question_type": "single_choice",
      "is_required": false,
      "help_text": "",
      "order": 3
    }
  },
  {
    "model": "survey.surveyquestionoption",
    "pk": 22,
    "fields": {
      "question": 3,
      "text": "En el área céntrica de Daireaux",
      "value": "",
      "order": 1
    }
  },
  {
    "model": "survey.surveyquestionoption",
    "pk": 23,
    "fields": {
      "question": 3,
      "text": "En un barrio de Daireaux",
      "value": "",
      "order": 2
    }
  },
  {
    "model": "survey.surveyquestionoption",
    "pk": 24,
    "fields": {
      "question": 3,
      "text": "En zona rural del partido",
      "value": "",
      "order": 3
    }
  },
  {
    "model": "survey.surveyquestionoption",
    "pk": 25,
    "fields": {
      "question": 3,
      "text": "En otra localidad del partido",
      "value": "",
      "order": 4
    }
  },
  {
    "model": "survey.surveyquestionoption",
    "pk": 26,
    "fields": {
      "question": 3,
      "text": "Fuera del partido de Daireaux",
      "value": "",
      "order": 5
    }
  },
  {
    "model": "survey.surveyquestionoption",
    "pk": 27,
    "fields": {
      "question": 3,
      "text": "No trabaja actualmente",
      "value": "",
      "order": 6
    }
  },
  {
    "model": "survey.surveyquestion",
    "pk": 4,
    "fields": {
      "section": 1,
      "text": "¿En qué rango de edad se encuentra?",
      "question_type": "single_choice",
      "is_required": false,
      "help_text": "",
      "order": 4
    }
  },
  {
    "model": "survey.surveyquestionoption",
    "pk": 28,
    "fields": {
      "question": 4,
      "text": "Menos de 18 años",
      "value": "",
      "order": 1
    }
  },
  {
    "model": "survey.surveyquestionoption",
    "pk": 29,
    "fields": {
      "question": 4,
      "text": "18–25 años",
      "value": "",
      "order": 2
    }
  },
  {
    "model": "survey.surveyquestionoption",
    "pk": 30,
    "fields": {
      "question": 4,
      "text": "26-35 años",
      "value": "",
      "order": 3
    }
  },
  {
    "model": "survey.surveyquestionoption",
    "pk": 31,
    "fields": {
      "question": 4,
      "text": "36-45 años",
      "value": "",
      "order": 4
    }
  },
  {
    "model": "survey.surveyquestionoption",
    "pk": 32,
    "fields": {
      "question": 4,
      "text": "46-55 años",
      "value": "",
      "order": 5
    }
  },
  {
    "model": "survey.surveyquestionoption",
    "pk": 33,
    "fields": {
      "question": 4,
      "text": "56-65 años",
      "value": "",
      "order": 6
    }
  },
  {
    "model": "survey.surveyquestionoption",
    "pk": 34,
    "fields": {
      "question": 4,
      "text": "66-75 años",
      "value": "",
      "order": 7
    }
  },
  {
    "model": "survey.surveyquestionoption",
    "pk": 35,
    "fields": {
      "question": 4,
      "text": "76-85 años",
      "value": "",
      "order": 8
    }
  },
  {
    "model": "survey.surveyquestionoption",
    "pk": 36,
    "fields": {
      "question": 4,
      "text": "Más de 85 años",
      "value": "",
      "order": 9
    }
  },
  {
    "model": "survey.surveyquestion",
    "pk": 5,
    "fields": {
      "section": 1,
      "text": "¿Cuál es su género?",
      "question_type": "single_choice",
      "is_required": false,
      "help_text": "",
      "order": 5
    }
  },
  {
    "model": "survey.surveyquestionoption",
    "pk": 37,
    "fields": {
      "question": 5,
      "text": "Masculino",
      "value": "",
      "order": 1
    }
  },
  {
    "model": "survey.surveyquestionoption",
    "pk": 38,
    "fields": {
      "question": 5,
      "text": "Femenino",
      "value": "",
      "order": 2
    }
  },
  {
    "model": "survey.surveyquestionoption",
    "pk": 39,
    "fields": {
      "question": 5,
      "text": "No binario",
      "value": "",
      "order": 3
    }
  },
  {
    "model": "survey.surveyquestionoption",
    "pk": 40,
    "fields": {
      "question": 5,
      "text": "Prefiero no decirlo",
      "value": "",
      "order": 4
    }
  },
  {
    "model": "survey.surveyquestion",
    "pk": 6,
    "fields": {
      "section": 1,
      "text": "¿Cuál es su ocupación principal?",
      "question_type": "single_choice",
      "is_required": false,
      "help_text": "",
      "order": 6
    }
  },
  {
    "model": "survey.surveyquestionoption",
    "pk": 41,
    "fields": {
      "question": 6,
      "text": "Estudiante",
      "value": "",
      "order": 1
    }
  },
  {
    "model": "survey.surveyquestionoption",
    "pk": 42,
    "fields": {
      "question": 6,
      "text": "Empleado del sector público",
      "value": "",
      "order": 2
    }
  },
  {
    "model": "survey.surveyquestionoption",
    "pk": 43,
    "fields": {
      "question": 6,
      "text": "Empleado del sector privado",
      "value": "",
      "order": 3
    }
  },
  {
    "model": "survey.surveyquestionoption",
    "pk": 44,
    "fields": {
      "question": 6,
      "text": "Profesional independiente",
      "value": "",
      "order": 4
    }
  },
  {
    "model": "survey.surveyquestionoption",
    "pk": 45,
    "fields": {
      "question": 6,
      "text": "Comerciante/Emprendedor",
      "value": "",
      "order": 5
    }
  },
  {
    "model": "survey.surveyquestionoption",
    "pk": 46,
    "fields": {
      "question": 6,
      "text": "Propietario/arrendatario rural",
      "value": "",
      "order": 6
    }
  },
  {
    "model": "survey.surveyquestionoption",
    "pk": 47,
    "fields": {
      "question": 6,
      "text": "Trabajador rural",
      "value": "",
      "order": 7
    }
  },
  {
    "model": "survey.surveyquestionoption",
    "pk": 48,
    "fields": {
      "question": 6,
      "text": "Trabajador remoto",
      "value": "",
      "order": 8
    }
  },
  {
    "model": "survey.surveyquestionoption",
    "pk": 49,
    "fields": {
      "question": 6,
      "text": "Jubilado",
      "value": "",
      "order": 9
    }
  },
  {
    "model": "survey.surveyquestionoption",
    "pk": 50,
    "fields": {
      "question": 6,
      "text": "Desocupado",
      "value": "",
      "order": 10
    }
  },
  {
    "model": "survey.surveyquestion",
    "pk": 7,
    "fields": {
      "section": 1,
      "text": "¿Forma parte de la comisión u organización de alguna de las siguientes instituciones?",
      "question_type": "multiple_choice",
      "is_required": false,
      "help_text": "",
      "order": 7
    }
  },
  {
    "model": "survey.surveyquestionoption",
    "pk": 51,
    "fields": {
      "question": 7,
      "text": "Institución educativa",
      "value": "",
      "order": 1
    }
  },
  {
    "model": "survey.surveyquestionoption",
    "pk": 52,
    "fields": {
      "question": 7,
      "text": "Club deportivo",
      "value": "",
      "order": 2
    }
  },
  {
    "model": "survey.surveyquestionoption",
    "pk": 53,
    "fields": {
      "question": 7,
      "text": "Institución cultural",
      "value": "",
      "order": 3
    }
  },
  {
    "model": "survey.surveyquestionoption",
    "pk": 54,
    "fields": {
      "question": 7,
      "text": "Organización social o comunitaria",
      "value": "",
      "order": 4
    }
  },
  {
    "model": "survey.surveyquestionoption",
    "pk": 55,
    "fields": {
      "question": 7,
      "text": "Institución religiosa",
      "value": "",
      "order": 5
    }
  },
  {
    "model": "survey.surveyquestionoption",
    "pk": 56,
    "fields": {
      "question": 7,
      "text": "No participa en ninguna",
      "value": "",
      "order": 6
    }
  },
  {
    "model": "survey.surveyquestion",
    "pk": 8,
    "fields": {
      "section": 1,
      "text": "¿Cuál es su principal medio de transporte dentro de Daireaux?",
      "question_type": "single_choice",
      "is_required": false,
      "help_text": "",
      "order": 8
    }
  },
  {
    "model": "survey.surveyquestionoption",
    "pk": 57,
    "fields": {
      "question": 8,
      "text": "A pie",
      "value": "",
      "order": 1
    }
  },
  {
    "model": "survey.surveyquestionoption",
    "pk": 58,
    "fields": {
      "question": 8,
      "text": "Bicicleta",
      "value": "",
      "order": 2
    }
  },
  {
    "model": "survey.surveyquestionoption",
    "pk": 59,
    "fields": {
      "question": 8,
      "text": "Motocicleta",
      "value": "",
      "order": 3
    }
  },
  {
    "model": "survey.surveyquestionoption",
    "pk": 60,
    "fields": {
      "question": 8,
      "text": "Automóvil",
      "value": "",
      "order": 4
    }
  },
  {
    "model": "survey.surveyquestionoption",
    "pk": 61,
    "fields": {
      "question": 8,
      "text": "Transporte interurbano",
      "value": "",
      "order": 5
    }
  },
  {
    "model": "survey.surveyquestionoption",
    "pk": 62,
    "fields": {
      "question": 8,
      "text": "Remis",
      "value": "",
      "order": 6
    }
  },
  {
    "model": "survey.surveyquestion",
    "pk": 9,
    "fields": {
      "section": 1,
      "text": "¿Realiza actividad física o deporte regularmente?",
      "question_type": "single_choice",
      "is_required": false,
      "help_text": "",
      "order": 9
    }
  },
  {
    "model": "survey.surveyquestionoption",
    "pk": 63,
    "fields": {
      "question": 9,
      "text": "Sí, en clubes o instituciones",
      "value": "",
      "order": 1
    }
  },
  {
    "model": "survey.surveyquestionoption",
    "pk": 64,
    "fields": {
      "question": 9,
      "text": "Sí, en espacios públicos (plazas, parques, calles)",
      "value": "",
      "order": 2
    }
  },
  {
    "model": "survey.surveyquestionoption",
    "pk": 65,
    "fields": {
      "question": 9,
      "text": "Sí, en espacios privados (gimnasio, domicilio)",
      "value": "",
      "order": 3
    }
  },
  {
    "model": "survey.surveyquestionoption",
    "pk": 66,
    "fields": {
      "question": 9,
      "text": "No",
      "value": "",
      "order": 4
    }
  },
  {
    "model": "survey.surveyquestion",
    "pk": 10,
    "fields": {
      "section": 1,
      "text": "Si respondió NO en la pregunta anterior, ¿cuál es el principal motivo?",
      "question_type": "single_choice",
      "is_required": false,
      "help_text": "",
      "order": 10
    }
  },
  {
    "model": "survey.surveyquestionoption",
    "pk": 67,
    "fields": {
      "question": 10,
      "text": "Falta de tiempo",
      "value": "",
      "order": 1
    }
  },
  {
    "model": "survey.surveyquestionoption",
    "pk": 68,
    "fields": {
      "question": 10,
      "text": "Falta de espacios adecuados",
      "value": "",
      "order": 2
    }
  },
  {
    "model": "survey.surveyquestionoption",
    "pk": 69,
    "fields": {
      "question": 10,
      "text": "Motivos de salud",
      "value": "",
      "order": 3
    }
  },
  {
    "model": "survey.surveyquestionoption",
    "pk": 70,
    "fields": {
      "question": 10,
      "text": "Falta de interés",
      "value": "",
      "order": 4
    }
  },
  {
    "model": "survey.surveyquestionoption",
    "pk": 71,
    "fields": {
      "question": 10,
      "text": "Falta de oferta",
      "value": "",
      "order": 5
    }
  },
  {
    "model": "survey.surveyquestionoption",
    "pk": 72,
    "fields": {
      "question": 10,
      "text": "Económicos",
      "value": "",
      "order": 6
    }
  },
  {
    "model": "survey.surveyquestioncondition",
    "pk": 1,
    "fields": {
      "parent_question": 9,
      "parent_option": 66,
      "child_question": 10
    }
  },
  {
    "model": "survey.surveyquestion",
    "pk": 11,
    "fields": {
      "section": 1,
      "text": "¿Conoce otras localidades del partido de Daireaux además de la ciudad cabecera?",
      "question_type": "yes_no",
      "is_required": false,
      "help_text": "",
      "order": 11
    }
  },
  {
    "model": "survey.surveyquestionoption",
    "pk": 73,
    "fields": {
      "question": 11,
      "text": "Sí",
      "value": "",
      "order": 1
    }
  },
  {
    "model": "survey.surveyquestionoption",
    "pk": 74,
    "fields": {
      "question": 11,
      "text": "No",
      "value": "",
      "order": 2
    }
  },
  {
    "model": "survey.surveyquestion",
    "pk": 12,
    "fields": {
      "section": 1,
      "text": "Si respondió SÍ, ¿cuáles?",
      "question_type": "multiple_choice",
      "is_required": false,
      "help_text": "",
      "order": 12
    }
  },
  {
    "model": "survey.surveyquestionoption",
    "pk": 75,
    "fields": {
      "question": 12,
      "text": "Arboledas",
      "value": "",
      "order": 1
    }
  },
  {
    "model": "survey.surveyquestionoption",
    "pk": 76,
    "fields": {
      "question": 12,
      "text": "La Larga",
      "value": "",
      "order": 2
    }
  },
  {
    "model": "survey.surveyquestionoption",
    "pk": 77,
    "fields": {
      "question": 12,
      "text": "Salazar",
      "value": "",
      "order": 3
    }
  },
  {
    "model": "survey.surveyquestionoption",
    "pk": 78,
    "fields": {
      "question": 12,
      "text": "Otra",
      "value": "",
      "order": 4
    }
  },
  {
    "model": "survey.surveyquestioncondition",
    "pk": 2,
    "fields": {
      "parent_question": 11,
      "parent_option": 73,
      "child_question": 12
    }
  },
  {
    "model": "survey.surveyquestion",
    "pk": 13,
    "fields": {
      "section": 1,
      "text": "¿Tiene actividad comercial con alguna de estás?",
      "question_type": "single_choice",
      "is_required": false,
      "help_text": "",
      "order": 13
    }
  },
  {
    "model": "survey.surveyquestionoption",
    "pk": 79,
    "fields": {
      "question": 13,
      "text": "Sí, con Arboledas",
      "value": "",
      "order": 1
    }
  },
  {
    "model": "survey.surveyquestionoption",
    "pk": 80,
    "fields": {
      "question": 13,
      "text": "Sí, con La Larga",
      "value": "",
      "order": 2
    }
  },
  {
    "model": "survey.surveyquestionoption",
    "pk": 81,
    "fields": {
      "question": 13,
      "text": "Sí, con Salazar",
      "value": "",
      "order": 3
    }
  },
  {
    "model": "survey.surveyquestionoption",
    "pk": 82,
    "fields": {
      "question": 13,
      "text": "No",
      "value": "",
      "order": 4
    }
  },
  {
    "model": "survey.surveyquestion",
    "pk": 14,
    "fields": {
      "section": 1,
      "text": "¿Conoce ciudades vecinas al partido de Daireaux?",
      "question_type": "yes_no",
      "is_required": false,
      "help_text": "",
      "order": 14
    }
  },
  {
    "model": "survey.surveyquestionoption",
    "pk": 83,
    "fields": {
      "question": 14,
      "text": "Sí",
      "value": "",
      "order": 1
    }
  },
  {
    "model": "survey.surveyquestionoption",
    "pk": 84,
    "fields": {
      "question": 14,
      "text": "No",
      "value": "",
      "order": 2
    }
  },
  {
    "model": "survey.surveyquestion",
    "pk": 15,
    "fields": {
      "section": 1,
      "text": "Si respondió SÍ, ¿cuáles?",
      "question_type": "multiple_choice",
      "is_required": false,
      "help_text": "",
      "order": 15
    }
  },
  {
    "model": "survey.surveyquestionoption",
    "pk": 85,
    "fields": {
      "question": 15,
      "text": "Salliqueló",
      "value": "",
      "order": 1
    }
  },
  {
    "model": "survey.surveyquestionoption",
    "pk": 86,
    "fields": {
      "question": 15,
      "text": "Guaminí",
      "value": "",
      "order": 2
    }
  },
  {
    "model": "survey.surveyquestionoption",
    "pk": 87,
    "fields": {
      "question": 15,
      "text": "Laprida",
      "value": "",
      "order": 3
    }
  },
  {
    "model": "survey.surveyquestionoption",
    "pk": 88,
    "fields": {
      "question": 15,
      "text": "Bolívar",
      "value": "",
      "order": 4
    }
  },
  {
    "model": "survey.surveyquestionoption",
    "pk": 89,
    "fields": {
      "question": 15,
      "text": "Carhué",
      "value": "",
      "order": 5
    }
  },
  {
    "model": "survey.surveyquestionoption",
    "pk": 90,
    "fields": {
      "question": 15,
      "text": "Peguajó",
      "value": "",
      "order": 6
    }
  },
  {
    "model": "survey.surveyquestionoption",
    "pk": 91,
    "fields": {
      "question": 15,
      "text": "Henderson",
      "value": "",
      "order": 7
    }
  },
  {
    "model": "survey.surveyquestioncondition",
    "pk": 3,
    "fields": {
      "parent_question": 14,
      "parent_option": 83,
      "child_question": 15
    }
  },
  {
    "model": "survey.surveyquestion",
    "pk": 16,
    "fields": {
      "section": 1,
      "text": "¿Tiene actividad económica con alguna de estas ciudades?",
      "question_type": "multiple_choice",
      "is_required": false,
      "help_text": "",
      "order": 16
    }
  },
  {
    "model": "survey.surveyquestionoption",
    "pk": 92,
    "fields": {
      "question": 16,
      "text": "Sí, con Salliqueló",
      "value": "",
      "order": 1
    }
  },
  {
    "model": "survey.surveyquestionoption",
    "pk": 93,
    "fields": {
      "question": 16,
      "text": "Sí, con Guaminí",
      "value": "",
      "order": 2
    }
  },
  {
    "model": "survey.surveyquestionoption",
    "pk": 94,
    "fields": {
      "question": 16,
      "text": "Sí, con Laprida",
      "value": "",
      "order": 3
    }
  },
  {
    "model": "survey.surveyquestionoption",
    "pk": 95,
    "fields": {
      "question": 16,
      "text": "Sí, con Bolivar",
      "value": "",
      "order": 4
    }
  },
  {
    "model": "survey.surveyquestionoption",
    "pk": 96,
    "fields": {
      "question": 16,
      "text": "Sí, con Carhué",
      "value": "",
      "order": 5
    }
  },
  {
    "model": "survey.surveyquestionoption",
    "pk": 97,
    "fields": {
      "question": 16,
      "text": "Sí, con Pehuajó",
      "value": "",
      "order": 6
    }
  },
  {
    "model": "survey.surveyquestionoption",
    "pk": 98,
    "fields": {
      "question": 16,
      "text": "Sí, con Hipólito Irigoyen",
      "value": "",
      "order": 7
    }
  },
  {
    "model": "survey.surveyquestionoption",
    "pk": 99,
    "fields": {
      "question": 16,
      "text": "No",
      "value": "",
      "order": 8
    }
  },
  {
    "model": "survey.surveyquestioncondition",
    "pk": 4,
    "fields": {
      "parent_question": 14,
      "parent_option": 83,
      "child_question": 16
    }
  },
  {
    "model": "survey.surveyquestion",
    "pk": 17,
    "fields": {
      "section": 1,
      "text": "¿Considera que Daireaux cuenta con un área céntrica claramente definida?",
      "question_type": "single_choice",
      "is_required": false,
      "help_text": "",
      "order": 17
    }
  },
  {
    "model": "survey.surveyquestionoption",
    "pk": 100,
    "fields": {
      "question": 17,
      "text": "Sí",
      "value": "",
      "order": 1
    }
  },
  {
    "model": "survey.surveyquestionoption",
    "pk": 101,
    "fields": {
      "question": 17,
      "text": "No",
      "value": "",
      "order": 2
    }
  },
  {
    "model": "survey.surveyquestionoption",
    "pk": 102,
    "fields": {
      "question": 17,
      "text": "No sabe/ No Contesta",
      "value": "",
      "order": 3
    }
  },
  {
    "model": "survey.surveyquestion",
    "pk": 18,
    "fields": {
      "section": 1,
      "text": "¿Con qué frecuencia concurre al área céntrica?",
      "question_type": "single_choice",
      "is_required": false,
      "help_text": "",
      "order": 18
    }
  },
  {
    "model": "survey.surveyquestionoption",
    "pk": 103,
    "fields": {
      "question": 18,
      "text": "Todos los días",
      "value": "",
      "order": 1
    }
  },
  {
    "model": "survey.surveyquestionoption",
    "pk": 104,
    "fields": {
      "question": 18,
      "text": "Varias veces por semana",
      "value": "",
      "order": 2
    }
  },
  {
    "model": "survey.surveyquestionoption",
    "pk": 105,
    "fields": {
      "question": 18,
      "text": "Ocasionalmente",
      "value": "",
      "order": 3
    }
  },
  {
    "model": "survey.surveyquestionoption",
    "pk": 106,
    "fields": {
      "question": 18,
      "text": "Casi nunca",
      "value": "",
      "order": 4
    }
  },
  {
    "model": "survey.surveysection",
    "pk": 2,
    "fields": {
      "survey": 1,
      "title": "Análisis de mi ciudad - Parte I",
      "description": "En esta sección podrá responder libremente sobre los usos de la ciudad, las actividades comerciales de la misma, los servicios públicos y sobre algunos servicios y espacios pensados para la juventud y para la tercera edad.",
      "order": 2
    }
  },
  {
    "model": "survey.surveyquestion",
    "pk": 19,
    "fields": {
      "section": 2,
      "text": "Sobre los usos de su habitat",
      "question_type": "text",
      "is_required": false,
      "help_text": "",
      "order": 1
    }
  },
  {
    "model": "survey.surveyquestion",
    "pk": 20,
    "fields": {
      "section": 2,
      "text": "¿Ha querido adquirir una parcela o lote para vivienda en Daireaux?",
      "question_type": "yes_no",
      "is_required": false,
      "help_text": "",
      "order": 2
    }
  },
  {
    "model": "survey.surveyquestionoption",
    "pk": 107,
    "fields": {
      "question": 20,
      "text": "Sí",
      "value": "",
      "order": 1
    }
  },
  {
    "model": "survey.surveyquestionoption",
    "pk": 108,
    "fields": {
      "question": 20,
      "text": "No",
      "value": "",
      "order": 2
    }
  },
  {
    "model": "survey.surveyquestion",
    "pk": 21,
    "fields": {
      "section": 2,
      "text": "¿Considera que existen lotes a precios accesibles en Daireaux?",
      "question_type": "single_choice",
      "is_required": false,
      "help_text": "",
      "order": 3
    }
  },
  {
    "model": "survey.surveyquestionoption",
    "pk": 109,
    "fields": {
      "question": 21,
      "text": "Sí",
      "value": "",
      "order": 1
    }
  },
  {
    "model": "survey.surveyquestionoption",
    "pk": 110,
    "fields": {
      "question": 21,
      "text": "No",
      "value": "",
      "order": 2
    }
  },
  {
    "model": "survey.surveyquestionoption",
    "pk": 111,
    "fields": {
      "question": 21,
      "text": "No sé",
      "value": "",
      "order": 3
    }
  },
  {
    "model": "survey.surveyquestion",
    "pk": 22,
    "fields": {
      "section": 2,
      "text": "¿Ha sido beneficiario/a de algún préstamo o plan para construcción de vivienda?",
      "question_type": "single_choice",
      "is_required": false,
      "help_text": "",
      "order": 4
    }
  },
  {
    "model": "survey.surveyquestionoption",
    "pk": 112,
    "fields": {
      "question": 22,
      "text": "Sí, y pude construir",
      "value": "",
      "order": 1
    }
  },
  {
    "model": "survey.surveyquestionoption",
    "pk": 113,
    "fields": {
      "question": 22,
      "text": "Sí, pero no pude construir",
      "value": "",
      "order": 2
    }
  },
  {
    "model": "survey.surveyquestionoption",
    "pk": 114,
    "fields": {
      "question": 22,
      "text": "No",
      "value": "",
      "order": 3
    }
  },
  {
    "model": "survey.surveyquestion",
    "pk": 23,
    "fields": {
      "section": 2,
      "text": "¿Cuál es su situación habitacional actual?",
      "question_type": "single_choice",
      "is_required": false,
      "help_text": "",
      "order": 5
    }
  },
  {
    "model": "survey.surveyquestionoption",
    "pk": 115,
    "fields": {
      "question": 23,
      "text": "Vivienda propia",
      "value": "",
      "order": 1
    }
  },
  {
    "model": "survey.surveyquestionoption",
    "pk": 116,
    "fields": {
      "question": 23,
      "text": "Vivienda de un familiar",
      "value": "",
      "order": 2
    }
  },
  {
    "model": "survey.surveyquestionoption",
    "pk": 117,
    "fields": {
      "question": 23,
      "text": "Vivienda alquilada",
      "value": "",
      "order": 3
    }
  },
  {
    "model": "survey.surveyquestionoption",
    "pk": 118,
    "fields": {
      "question": 23,
      "text": "Otra situación",
      "value": "",
      "order": 4
    }
  },
  {
    "model": "survey.surveyquestion",
    "pk": 24,
    "fields": {
      "section": 2,
      "text": "Solo si alquila: ¿Qué porcentaje aproximado de su ingreso mensual destina al alquiler?",
      "question_type": "single_choice",
      "is_required": false,
      "help_text": "",
      "order": 6
    }
  },
  {
    "model": "survey.surveyquestionoption",
    "pk": 119,
    "fields": {
      "question": 24,
      "text": "Menos del 20%",
      "value": "",
      "order": 1
    }
  },
  {
    "model": "survey.surveyquestionoption",
    "pk": 120,
    "fields": {
      "question": 24,
      "text": "Entre 20% y 30%",
      "value": "",
      "order": 2
    }
  },
  {
    "model": "survey.surveyquestionoption",
    "pk": 121,
    "fields": {
      "question": 24,
      "text": "Entre 30% y 40%",
      "value": "",
      "order": 3
    }
  },
  {
    "model": "survey.surveyquestionoption",
    "pk": 122,
    "fields": {
      "question": 24,
      "text": "Más del 40%",
      "value": "",
      "order": 4
    }
  },
  {
    "model": "survey.surveyquestionoption",
    "pk": 123,
    "fields": {
      "question": 24,
      "text": "Prefiero no responder",
      "value": "",
      "order": 5
    }
  },
  {
    "model": "survey.surveyquestioncondition",
    "pk": 5,
    "fields": {
      "parent_question": 23,
      "parent_option": 117,
      "child_question": 24
    }
  },
  {
    "model": "survey.surveyquestion",
    "pk": 25,
    "fields": {
      "section": 2,
      "text": "¿Ha querido subdividir una parcela y no ha podido hacerlo?",
      "question_type": "yes_no",
      "is_required": false,
      "help_text": "",
      "order": 7
    }
  },
  {
    "model": "survey.surveyquestionoption",
    "pk": 124,
    "fields": {
      "question": 25,
      "text": "Sí",
      "value": "",
      "order": 1
    }
  },
  {
    "model": "survey.surveyquestionoption",
    "pk": 125,
    "fields": {
      "question": 25,
      "text": "No",
      "value": "",
      "order": 2
    }
  },
  {
    "model": "survey.surveyquestion",
    "pk": 26,
    "fields": {
      "section": 2,
      "text": "Si respondió SÍ: ¿Conoce el motivo?",
      "question_type": "single_choice",
      "is_required": false,
      "help_text": "",
      "order": 8
    }
  },
  {
    "model": "survey.surveyquestionoption",
    "pk": 126,
    "fields": {
      "question": 26,
      "text": "Normativa Municipal",
      "value": "",
      "order": 1
    }
  },
  {
    "model": "survey.surveyquestionoption",
    "pk": 127,
    "fields": {
      "question": 26,
      "text": "Falta de infraestructura",
      "value": "",
      "order": 2
    }
  },
  {
    "model": "survey.surveyquestionoption",
    "pk": 128,
    "fields": {
      "question": 26,
      "text": "Motivos económicos",
      "value": "",
      "order": 3
    }
  },
  {
    "model": "survey.surveyquestionoption",
    "pk": 129,
    "fields": {
      "question": 26,
      "text": "Motivos Legales",
      "value": "",
      "order": 4
    }
  },
  {
    "model": "survey.surveyquestionoption",
    "pk": 130,
    "fields": {
      "question": 26,
      "text": "No sé",
      "value": "",
      "order": 5
    }
  },
  {
    "model": "survey.surveyquestioncondition",
    "pk": 6,
    "fields": {
      "parent_question": 25,
      "parent_option": 124,
      "child_question": 26
    }
  },
  {
    "model": "survey.surveyquestion",
    "pk": 27,
    "fields": {
      "section": 2,
      "text": "¿Ha querido construir y no obtuvo autorización?",
      "question_type": "yes_no",
      "is_required": false,
      "help_text": "",
      "order": 9
    }
  },
  {
    "model": "survey.surveyquestionoption",
    "pk": 131,
    "fields": {
      "question": 27,
      "text": "Sí",
      "value": "",
      "order": 1
    }
  },
  {
    "model": "survey.surveyquestionoption",
    "pk": 132,
    "fields": {
      "question": 27,
      "text": "No",
      "value": "",
      "order": 2
    }
  },
  {
    "model": "survey.surveyquestion",
    "pk": 28,
    "fields": {
      "section": 2,
      "text": "Si respondió SÍ: ¿Conoce el motivo?",
      "question_type": "single_choice",
      "is_required": false,
      "help_text": "",
      "order": 10
    }
  },
  {
    "model": "survey.surveyquestionoption",
    "pk": 133,
    "fields": {
      "question": 28,
      "text": "Normativa urbana",
      "value": "",
      "order": 1
    }
  },
  {
    "model": "survey.surveyquestionoption",
    "pk": 134,
    "fields": {
      "question": 28,
      "text": "Falta de servicios",
      "value": "",
      "order": 2
    }
  },
  {
    "model": "survey.surveyquestionoption",
    "pk": 135,
    "fields": {
      "question": 28,
      "text": "Motivos técnicos",
      "value": "",
      "order": 3
    }
  },
  {
    "model": "survey.surveyquestionoption",
    "pk": 136,
    "fields": {
      "question": 28,
      "text": "Otro",
      "value": "",
      "order": 4
    }
  },
  {
    "model": "survey.surveyquestionoption",
    "pk": 137,
    "fields": {
      "question": 28,
      "text": "No sé",
      "value": "",
      "order": 5
    }
  },
  {
    "model": "survey.surveyquestioncondition",
    "pk": 7,
    "fields": {
      "parent_question": 27,
      "parent_option": 131,
      "child_question": 28
    }
  },
  {
    "model": "survey.surveyquestion",
    "pk": 29,
    "fields": {
      "section": 2,
      "text": "Sobre la actividad comercial en Daireaux",
      "question_type": "text",
      "is_required": false,
      "help_text": "",
      "order": 11
    }
  },
  {
    "model": "survey.surveyquestion",
    "pk": 30,
    "fields": {
      "section": 2,
      "text": "¿Conoce opciones de inversión en Daireaux?",
      "question_type": "yes_no",
      "is_required": false,
      "help_text": "",
      "order": 12
    }
  },
  {
    "model": "survey.surveyquestionoption",
    "pk": 138,
    "fields": {
      "question": 30,
      "text": "Sí",
      "value": "",
      "order": 1
    }
  },
  {
    "model": "survey.surveyquestionoption",
    "pk": 139,
    "fields": {
      "question": 30,
      "text": "No",
      "value": "",
      "order": 2
    }
  },
  {
    "model": "survey.surveyquestion",
    "pk": 31,
    "fields": {
      "section": 2,
      "text": "Si respondió SÍ: ¿Cuál/es?",
      "question_type": "text",
      "is_required": false,
      "help_text": "",
      "order": 13
    }
  },
  {
    "model": "survey.surveyquestioncondition",
    "pk": 8,
    "fields": {
      "parent_question": 30,
      "parent_option": 138,
      "child_question": 31
    }
  },
  {
    "model": "survey.surveyquestion",
    "pk": 32,
    "fields": {
      "section": 2,
      "text": "¿Existen opciones de inversión inmobiliaria en Daireaux?",
      "question_type": "single_choice",
      "is_required": false,
      "help_text": "",
      "order": 14
    }
  },
  {
    "model": "survey.surveyquestionoption",
    "pk": 140,
    "fields": {
      "question": 32,
      "text": "Sí",
      "value": "",
      "order": 1
    }
  },
  {
    "model": "survey.surveyquestionoption",
    "pk": 141,
    "fields": {
      "question": 32,
      "text": "No",
      "value": "",
      "order": 2
    }
  },
  {
    "model": "survey.surveyquestionoption",
    "pk": 142,
    "fields": {
      "question": 32,
      "text": "No sé",
      "value": "",
      "order": 3
    }
  },
  {
    "model": "survey.surveyquestion",
    "pk": 33,
    "fields": {
      "section": 2,
      "text": "¿Cuál considera que es la actividad productiva más fuerte del partido de Daireaux?",
      "question_type": "single_choice",
      "is_required": false,
      "help_text": "",
      "order": 15
    }
  },
  {
    "model": "survey.surveyquestionoption",
    "pk": 143,
    "fields": {
      "question": 33,
      "text": "Agropecuaria",
      "value": "",
      "order": 1
    }
  },
  {
    "model": "survey.surveyquestionoption",
    "pk": 144,
    "fields": {
      "question": 33,
      "text": "Comercio",
      "value": "",
      "order": 2
    }
  },
  {
    "model": "survey.surveyquestionoption",
    "pk": 145,
    "fields": {
      "question": 33,
      "text": "Industria",
      "value": "",
      "order": 3
    }
  },
  {
    "model": "survey.surveyquestionoption",
    "pk": 146,
    "fields": {
      "question": 33,
      "text": "Servicios",
      "value": "",
      "order": 4
    }
  },
  {
    "model": "survey.surveyquestionoption",
    "pk": 147,
    "fields": {
      "question": 33,
      "text": "Otra",
      "value": "",
      "order": 5
    }
  },
  {
    "model": "survey.surveyquestion",
    "pk": 34,
    "fields": {
      "section": 2,
      "text": "¿Ha querido desarrollar alguna actividad comercial propia?",
      "question_type": "yes_no",
      "is_required": false,
      "help_text": "",
      "order": 16
    }
  },
  {
    "model": "survey.surveyquestionoption",
    "pk": 148,
    "fields": {
      "question": 34,
      "text": "Sí",
      "value": "",
      "order": 1
    }
  },
  {
    "model": "survey.surveyquestionoption",
    "pk": 149,
    "fields": {
      "question": 34,
      "text": "No",
      "value": "",
      "order": 2
    }
  },
  {
    "model": "survey.surveyquestion",
    "pk": 35,
    "fields": {
      "section": 2,
      "text": "¿Ha intentado habilitar un comercio y no ha podido hacerlo?",
      "question_type": "yes_no",
      "is_required": false,
      "help_text": "",
      "order": 17
    }
  },
  {
    "model": "survey.surveyquestionoption",
    "pk": 150,
    "fields": {
      "question": 35,
      "text": "Sí",
      "value": "",
      "order": 1
    }
  },
  {
    "model": "survey.surveyquestionoption",
    "pk": 151,
    "fields": {
      "question": 35,
      "text": "No",
      "value": "",
      "order": 2
    }
  },
  {
    "model": "survey.surveyquestion",
    "pk": 36,
    "fields": {
      "section": 2,
      "text": "¿Ha tenido que cambiar de actividad comercial por exigencias normativas o administrativas?",
      "question_type": "yes_no",
      "is_required": false,
      "help_text": "",
      "order": 18
    }
  },
  {
    "model": "survey.surveyquestionoption",
    "pk": 152,
    "fields": {
      "question": 36,
      "text": "Sí",
      "value": "",
      "order": 1
    }
  },
  {
    "model": "survey.surveyquestionoption",
    "pk": 153,
    "fields": {
      "question": 36,
      "text": "No",
      "value": "",
      "order": 2
    }
  },
  {
    "model": "survey.surveyquestion",
    "pk": 37,
    "fields": {
      "section": 2,
      "text": "Si respondió SÍ: ¿Podrías hacer una descripción de la situación?",
      "question_type": "text",
      "is_required": false,
      "help_text": "",
      "order": 19
    }
  },
  {
    "model": "survey.surveyquestioncondition",
    "pk": 9,
    "fields": {
      "parent_question": 36,
      "parent_option": 152,
      "child_question": 37
    }
  },
  {
    "model": "survey.surveyquestion",
    "pk": 38,
    "fields": {
      "section": 2,
      "text": "Sobre los servicios públicos en Daireaux",
      "question_type": "text",
      "is_required": false,
      "help_text": "",
      "order": 20
    }
  },
  {
    "model": "survey.surveyquestion",
    "pk": 39,
    "fields": {
      "section": 2,
      "text": "¿Cuenta con servicio de energía eléctrica en su domicilio?",
      "question_type": "yes_no",
      "is_required": false,
      "help_text": "",
      "order": 21
    }
  },
  {
    "model": "survey.surveyquestionoption",
    "pk": 154,
    "fields": {
      "question": 39,
      "text": "Sí",
      "value": "",
      "order": 1
    }
  },
  {
    "model": "survey.surveyquestionoption",
    "pk": 155,
    "fields": {
      "question": 39,
      "text": "No",
      "value": "",
      "order": 2
    }
  },
  {
    "model": "survey.surveyquestion",
    "pk": 40,
    "fields": {
      "section": 2,
      "text": "Si respondió SÍ: ¿Cómo califica el servicio de energía eléctrica?",
      "question_type": "scale",
      "is_required": false,
      "help_text": "",
      "order": 22
    }
  },
  {
    "model": "survey.surveyquestionoption",
    "pk": 156,
    "fields": {
      "question": 40,
      "text": "1",
      "value": "1",
      "order": 1
    }
  },
  {
    "model": "survey.surveyquestionoption",
    "pk": 157,
    "fields": {
      "question": 40,
      "text": "2",
      "value": "2",
      "order": 2
    }
  },
  {
    "model": "survey.surveyquestionoption",
    "pk": 158,
    "fields": {
      "question": 40,
      "text": "3",
      "value": "3",
      "order": 3
    }
  },
  {
    "model": "survey.surveyquestionoption",
    "pk": 159,
    "fields": {
      "question": 40,
      "text": "4",
      "value": "4",
      "order": 4
    }
  },
  {
    "model": "survey.surveyquestionoption",
    "pk": 160,
    "fields": {
      "question": 40,
      "text": "5",
      "value": "5",
      "order": 5
    }
  },
  {
    "model": "survey.surveyquestioncondition",
    "pk": 10,
    "fields": {
      "parent_question": 39,
      "parent_option": 154,
      "child_question": 40
    }
  },
  {
    "model": "survey.surveyquestion",
    "pk": 41,
    "fields": {
      "section": 2,
      "text": "Si respondió NO: ¿Por qué no tiene?",
      "question_type": "single_choice",
      "is_required": false,
      "help_text": "",
      "order": 23
    }
  },
  {
    "model": "survey.surveyquestionoption",
    "pk": 161,
    "fields": {
      "question": 41,
      "text": "La red eléctrica no llega a la zona",
      "value": "",
      "order": 1
    }
  },
  {
    "model": "survey.surveyquestionoption",
    "pk": 162,
    "fields": {
      "question": 41,
      "text": "Vivienda ubicada en la zona rural",
      "value": "",
      "order": 2
    }
  },
  {
    "model": "survey.surveyquestionoption",
    "pk": 163,
    "fields": {
      "question": 41,
      "text": "Vivienda informal/ no regularizada",
      "value": "",
      "order": 3
    }
  },
  {
    "model": "survey.surveyquestionoption",
    "pk": 164,
    "fields": {
      "question": 41,
      "text": "Problemas administrativos o de habilitación",
      "value": "",
      "order": 4
    }
  },
  {
    "model": "survey.surveyquestionoption",
    "pk": 165,
    "fields": {
      "question": 41,
      "text": "Motivos económicos",
      "value": "",
      "order": 5
    }
  },
  {
    "model": "survey.surveyquestionoption",
    "pk": 166,
    "fields": {
      "question": 41,
      "text": "La vivienda utiliza una fuente alternativa (grupos electrógenos, paneles, etc)",
      "value": "",
      "order": 6
    }
  },
  {
    "model": "survey.surveyquestionoption",
    "pk": 167,
    "fields": {
      "question": 41,
      "text": "Otro motivo",
      "value": "",
      "order": 7
    }
  },
  {
    "model": "survey.surveyquestionoption",
    "pk": 168,
    "fields": {
      "question": 41,
      "text": "No sé",
      "value": "",
      "order": 8
    }
  },
  {
    "model": "survey.surveyquestioncondition",
    "pk": 11,
    "fields": {
      "parent_question": 39,
      "parent_option": 155,
      "child_question": 41
    }
  },
  {
    "model": "survey.surveyquestion",
    "pk": 42,
    "fields": {
      "section": 2,
      "text": "¿Cuenta con servicio de agua de red?",
      "question_type": "yes_no",
      "is_required": false,
      "help_text": "",
      "order": 24
    }
  },
  {
    "model": "survey.surveyquestionoption",
    "pk": 169,
    "fields": {
      "question": 42,
      "text": "Sí",
      "value": "",
      "order": 1
    }
  },
  {
    "model": "survey.surveyquestionoption",
    "pk": 170,
    "fields": {
      "question": 42,
      "text": "No",
      "value": "",
      "order": 2
    }
  },
  {
    "model": "survey.surveyquestion",
    "pk": 43,
    "fields": {
      "section": 2,
      "text": "Si respondió SÍ: ¿Cómo califica el servicio de agua corriente?",
      "question_type": "scale",
      "is_required": false,
      "help_text": "",
      "order": 25
    }
  },
  {
    "model": "survey.surveyquestionoption",
    "pk": 171,
    "fields": {
      "question": 43,
      "text": "1",
      "value": "1",
      "order": 1
    }
  },
  {
    "model": "survey.surveyquestionoption",
    "pk": 172,
    "fields": {
      "question": 43,
      "text": "2",
      "value": "2",
      "order": 2
    }
  },
  {
    "model": "survey.surveyquestionoption",
    "pk": 173,
    "fields": {
      "question": 43,
      "text": "3",
      "value": "3",
      "order": 3
    }
  },
  {
    "model": "survey.surveyquestionoption",
    "pk": 174,
    "fields": {
      "question": 43,
      "text": "4",
      "value": "4",
      "order": 4
    }
  },
  {
    "model": "survey.surveyquestionoption",
    "pk": 175,
    "fields": {
      "question": 43,
      "text": "5",
      "value": "5",
      "order": 5
    }
  },
  {
    "model": "survey.surveyquestioncondition",
    "pk": 12,
    "fields": {
      "parent_question": 42,
      "parent_option": 169,
      "child_question": 43
    }
  },
  {
    "model": "survey.surveyquestion",
    "pk": 44,
    "fields": {
      "section": 2,
      "text": "Si respondió NO: ¿Por qué no tiene?",
      "question_type": "single_choice",
      "is_required": false,
      "help_text": "",
      "order": 26
    }
  },
  {
    "model": "survey.surveyquestionoption",
    "pk": 176,
    "fields": {
      "question": 44,
      "text": "La red de agua no llega a la zona",
      "value": "",
      "order": 1
    }
  },
  {
    "model": "survey.surveyquestionoption",
    "pk": 177,
    "fields": {
      "question": 44,
      "text": "Vivienda ubicada en zona rural",
      "value": "",
      "order": 2
    }
  },
  {
    "model": "survey.surveyquestionoption",
    "pk": 178,
    "fields": {
      "question": 44,
      "text": "Vivienda informal/no regularizada",
      "value": "",
      "order": 3
    }
  },
  {
    "model": "survey.surveyquestionoption",
    "pk": 179,
    "fields": {
      "question": 44,
      "text": "Utiliza pozo o perforación propia",
      "value": "",
      "order": 4
    }
  },
  {
    "model": "survey.surveyquestionoption",
    "pk": 180,
    "fields": {
      "question": 44,
      "text": "Problemas administrativos o de conexión",
      "value": "",
      "order": 5
    }
  },
  {
    "model": "survey.surveyquestionoption",
    "pk": 181,
    "fields": {
      "question": 44,
      "text": "Motivos económicos",
      "value": "",
      "order": 6
    }
  },
  {
    "model": "survey.surveyquestionoption",
    "pk": 182,
    "fields": {
      "question": 44,
      "text": "Otros motivos",
      "value": "",
      "order": 7
    }
  },
  {
    "model": "survey.surveyquestionoption",
    "pk": 183,
    "fields": {
      "question": 44,
      "text": "No sé",
      "value": "",
      "order": 8
    }
  },
  {
    "model": "survey.surveyquestioncondition",
    "pk": 13,
    "fields": {
      "parent_question": 42,
      "parent_option": 170,
      "child_question": 44
    }
  },
  {
    "model": "survey.surveyquestion",
    "pk": 45,
    "fields": {
      "section": 2,
      "text": "¿Cuenta con servicio de cloacas?",
      "question_type": "yes_no",
      "is_required": false,
      "help_text": "",
      "order": 27
    }
  },
  {
    "model": "survey.surveyquestionoption",
    "pk": 184,
    "fields": {
      "question": 45,
      "text": "Sí",
      "value": "",
      "order": 1
    }
  },
  {
    "model": "survey.surveyquestionoption",
    "pk": 185,
    "fields": {
      "question": 45,
      "text": "No",
      "value": "",
      "order": 2
    }
  },
  {
    "model": "survey.surveyquestion",
    "pk": 46,
    "fields": {
      "section": 2,
      "text": "Si respondió SÍ: ¿Cómo califica el servicio de cloacas?",
      "question_type": "scale",
      "is_required": false,
      "help_text": "",
      "order": 28
    }
  },
  {
    "model": "survey.surveyquestionoption",
    "pk": 186,
    "fields": {
      "question": 46,
      "text": "1",
      "value": "1",
      "order": 1
    }
  },
  {
    "model": "survey.surveyquestionoption",
    "pk": 187,
    "fields": {
      "question": 46,
      "text": "2",
      "value": "2",
      "order": 2
    }
  },
  {
    "model": "survey.surveyquestionoption",
    "pk": 188,
    "fields": {
      "question": 46,
      "text": "3",
      "value": "3",
      "order": 3
    }
  },
  {
    "model": "survey.surveyquestionoption",
    "pk": 189,
    "fields": {
      "question": 46,
      "text": "4",
      "value": "4",
      "order": 4
    }
  },
  {
    "model": "survey.surveyquestionoption",
    "pk": 190,
    "fields": {
      "question": 46,
      "text": "5",
      "value": "5",
      "order": 5
    }
  },
  {
    "model": "survey.surveyquestioncondition",
    "pk": 14,
    "fields": {
      "parent_question": 45,
      "parent_option": 184,
      "child_question": 46
    }
  },
  {
    "model": "survey.surveyquestion",
    "pk": 47,
    "fields": {
      "section": 2,
      "text": "Si respondió NO: ¿Por qué no tiene?",
      "question_type": "single_choice",
      "is_required": false,
      "help_text": "",
      "order": 29
    }
  },
  {
    "model": "survey.surveyquestionoption",
    "pk": 191,
    "fields": {
      "question": 47,
      "text": "Red cloacal no llega a la zona",
      "value": "",
      "order": 1
    }
  },
  {
    "model": "survey.surveyquestionoption",
    "pk": 192,
    "fields": {
      "question": 47,
      "text": "Vivienda ubicada en zona rural",
      "value": "",
      "order": 2
    }
  },
  {
    "model": "survey.surveyquestionoption",
    "pk": 193,
    "fields": {
      "question": 47,
      "text": "Vivienda informal/ no regularizada",
      "value": "",
      "order": 3
    }
  },
  {
    "model": "survey.surveyquestionoption",
    "pk": 194,
    "fields": {
      "question": 47,
      "text": "Utiliza pozo ciego o cámara séptica",
      "value": "",
      "order": 4
    }
  },
  {
    "model": "survey.surveyquestionoption",
    "pk": 195,
    "fields": {
      "question": 47,
      "text": "Problemas administrativos o de conexión",
      "value": "",
      "order": 5
    }
  },
  {
    "model": "survey.surveyquestionoption",
    "pk": 196,
    "fields": {
      "question": 47,
      "text": "Motivos económicos",
      "value": "",
      "order": 6
    }
  },
  {
    "model": "survey.surveyquestionoption",
    "pk": 197,
    "fields": {
      "question": 47,
      "text": "Otros motivos",
      "value": "",
      "order": 7
    }
  },
  {
    "model": "survey.surveyquestionoption",
    "pk": 198,
    "fields": {
      "question": 47,
      "text": "No sé",
      "value": "",
      "order": 8
    }
  },
  {
    "model": "survey.surveyquestioncondition",
    "pk": 15,
    "fields": {
      "parent_question": 45,
      "parent_option": 185,
      "child_question": 47
    }
  },
  {
    "model": "survey.surveyquestion",
    "pk": 48,
    "fields": {
      "section": 2,
      "text": "¿Cuenta con servicio de internet en su domicilio?",
      "question_type": "yes_no",
      "is_required": false,
      "help_text": "",
      "order": 30
    }
  },
  {
    "model": "survey.surveyquestionoption",
    "pk": 199,
    "fields": {
      "question": 48,
      "text": "Sí",
      "value": "",
      "order": 1
    }
  },
  {
    "model": "survey.surveyquestionoption",
    "pk": 200,
    "fields": {
      "question": 48,
      "text": "No",
      "value": "",
      "order": 2
    }
  },
  {
    "model": "survey.surveyquestion",
    "pk": 49,
    "fields": {
      "section": 2,
      "text": "Si respondió SÍ: ¿Cómo califica el servicio de internet?",
      "question_type": "scale",
      "is_required": false,
      "help_text": "",
      "order": 31
    }
  },
  {
    "model": "survey.surveyquestionoption",
    "pk": 201,
    "fields": {
      "question": 49,
      "text": "1",
      "value": "1",
      "order": 1
    }
  },
  {
    "model": "survey.surveyquestionoption",
    "pk": 202,
    "fields": {
      "question": 49,
      "text": "2",
      "value": "2",
      "order": 2
    }
  },
  {
    "model": "survey.surveyquestionoption",
    "pk": 203,
    "fields": {
      "question": 49,
      "text": "3",
      "value": "3",
      "order": 3
    }
  },
  {
    "model": "survey.surveyquestionoption",
    "pk": 204,
    "fields": {
      "question": 49,
      "text": "4",
      "value": "4",
      "order": 4
    }
  },
  {
    "model": "survey.surveyquestionoption",
    "pk": 205,
    "fields": {
      "question": 49,
      "text": "5",
      "value": "5",
      "order": 5
    }
  },
  {
    "model": "survey.surveyquestioncondition",
    "pk": 16,
    "fields": {
      "parent_question": 48,
      "parent_option": 199,
      "child_question": 49
    }
  },
  {
    "model": "survey.surveyquestion",
    "pk": 50,
    "fields": {
      "section": 2,
      "text": "¿Utiliza internet para actividades laborales o educativas?",
      "question_type": "single_choice",
      "is_required": false,
      "help_text": "",
      "order": 32
    }
  },
  {
    "model": "survey.surveyquestionoption",
    "pk": 206,
    "fields": {
      "question": 50,
      "text": "Sí, para actividades laborales",
      "value": "",
      "order": 1
    }
  },
  {
    "model": "survey.surveyquestionoption",
    "pk": 207,
    "fields": {
      "question": 50,
      "text": "Sí, para actividades educativas",
      "value": "",
      "order": 2
    }
  },
  {
    "model": "survey.surveyquestionoption",
    "pk": 208,
    "fields": {
      "question": 50,
      "text": "No",
      "value": "",
      "order": 3
    }
  },
  {
    "model": "survey.surveyquestion",
    "pk": 51,
    "fields": {
      "section": 2,
      "text": "Servicios y espacios para la juventud en Daireaux",
      "question_type": "text",
      "is_required": false,
      "help_text": "",
      "order": 33
    }
  },
  {
    "model": "survey.surveyquestion",
    "pk": 52,
    "fields": {
      "section": 2,
      "text": "¿Participa en alguna actividad deportiva en Daireaux?",
      "question_type": "yes_no",
      "is_required": false,
      "help_text": "",
      "order": 34
    }
  },
  {
    "model": "survey.surveyquestionoption",
    "pk": 209,
    "fields": {
      "question": 52,
      "text": "Sí",
      "value": "",
      "order": 1
    }
  },
  {
    "model": "survey.surveyquestionoption",
    "pk": 210,
    "fields": {
      "question": 52,
      "text": "No",
      "value": "",
      "order": 2
    }
  },
  {
    "model": "survey.surveyquestion",
    "pk": 53,
    "fields": {
      "section": 2,
      "text": "¿Conoce clubes o instituciones deportivas en Daireaux?",
      "question_type": "yes_no",
      "is_required": false,
      "help_text": "",
      "order": 35
    }
  },
  {
    "model": "survey.surveyquestionoption",
    "pk": 211,
    "fields": {
      "question": 53,
      "text": "Sí",
      "value": "",
      "order": 1
    }
  },
  {
    "model": "survey.surveyquestionoption",
    "pk": 212,
    "fields": {
      "question": 53,
      "text": "No",
      "value": "",
      "order": 2
    }
  },
  {
    "model": "survey.surveyquestion",
    "pk": 54,
    "fields": {
      "section": 2,
      "text": "Si respondió SÍ: ¿Cuáles?",
      "question_type": "text",
      "is_required": false,
      "help_text": "",
      "order": 36
    }
  },
  {
    "model": "survey.surveyquestioncondition",
    "pk": 17,
    "fields": {
      "parent_question": 53,
      "parent_option": 211,
      "child_question": 54
    }
  },
  {
    "model": "survey.surveyquestion",
    "pk": 55,
    "fields": {
      "section": 2,
      "text": "¿Considera que existen espacios públicos de encuentro para jóvenes?",
      "question_type": "single_choice",
      "is_required": false,
      "help_text": "",
      "order": 37
    }
  },
  {
    "model": "survey.surveyquestionoption",
    "pk": 213,
    "fields": {
      "question": 55,
      "text": "Sí",
      "value": "",
      "order": 1
    }
  },
  {
    "model": "survey.surveyquestionoption",
    "pk": 214,
    "fields": {
      "question": 55,
      "text": "No",
      "value": "",
      "order": 2
    }
  },
  {
    "model": "survey.surveyquestionoption",
    "pk": 215,
    "fields": {
      "question": 55,
      "text": "No sé",
      "value": "",
      "order": 3
    }
  },
  {
    "model": "survey.surveyquestion",
    "pk": 56,
    "fields": {
      "section": 2,
      "text": "Si respondió SÍ: ¿Cuáles?",
      "question_type": "text",
      "is_required": false,
      "help_text": "",
      "order": 38
    }
  },
  {
    "model": "survey.surveyquestioncondition",
    "pk": 18,
    "fields": {
      "parent_question": 55,
      "parent_option": 213,
      "child_question": 56
    }
  },
  {
    "model": "survey.surveyquestion",
    "pk": 57,
    "fields": {
      "section": 2,
      "text": "Luego de finalizar la escuela secundaria, ¿qué ocurre mayormente con los jóvenes de Daireaux?",
      "question_type": "single_choice",
      "is_required": false,
      "help_text": "",
      "order": 39
    }
  },
  {
    "model": "survey.surveyquestionoption",
    "pk": 216,
    "fields": {
      "question": 57,
      "text": "Continúan estudios superiores fuera de la localidad",
      "value": "",
      "order": 1
    }
  },
  {
    "model": "survey.surveyquestionoption",
    "pk": 217,
    "fields": {
      "question": 57,
      "text": "Trabajan en Daireaux",
      "value": "",
      "order": 2
    }
  },
  {
    "model": "survey.surveyquestionoption",
    "pk": 218,
    "fields": {
      "question": 57,
      "text": "Ambas situaciones",
      "value": "",
      "order": 3
    }
  },
  {
    "model": "survey.surveyquestionoption",
    "pk": 219,
    "fields": {
      "question": 57,
      "text": "No sé",
      "value": "",
      "order": 4
    }
  },
  {
    "model": "survey.surveyquestion",
    "pk": 58,
    "fields": {
      "section": 2,
      "text": "Si respondió Continúan estudios superiores fuera de la localidad: ¿En cuáles?",
      "question_type": "text",
      "is_required": false,
      "help_text": "",
      "order": 40
    }
  },
  {
    "model": "survey.surveyquestioncondition",
    "pk": 19,
    "fields": {
      "parent_question": 57,
      "parent_option": 216,
      "child_question": 58
    }
  },
  {
    "model": "survey.surveyquestion",
    "pk": 59,
    "fields": {
      "section": 2,
      "text": "Servicios y espacios para la tercera edad en Daireaux",
      "question_type": "text",
      "is_required": false,
      "help_text": "",
      "order": 41
    }
  },
  {
    "model": "survey.surveyquestion",
    "pk": 60,
    "fields": {
      "section": 2,
      "text": "¿Existen espacios de recreación para personas mayores en Daireaux?",
      "question_type": "single_choice",
      "is_required": false,
      "help_text": "",
      "order": 42
    }
  },
  {
    "model": "survey.surveyquestionoption",
    "pk": 220,
    "fields": {
      "question": 60,
      "text": "Sí",
      "value": "",
      "order": 1
    }
  },
  {
    "model": "survey.surveyquestionoption",
    "pk": 221,
    "fields": {
      "question": 60,
      "text": "No",
      "value": "",
      "order": 2
    }
  },
  {
    "model": "survey.surveyquestionoption",
    "pk": 222,
    "fields": {
      "question": 60,
      "text": "No sé",
      "value": "",
      "order": 3
    }
  },
  {
    "model": "survey.surveyquestion",
    "pk": 61,
    "fields": {
      "section": 2,
      "text": "Si respondió SÍ: ¿Cuáles?",
      "question_type": "text",
      "is_required": false,
      "help_text": "",
      "order": 43
    }
  },
  {
    "model": "survey.surveyquestioncondition",
    "pk": 20,
    "fields": {
      "parent_question": 60,
      "parent_option": 220,
      "child_question": 61
    }
  },
  {
    "model": "survey.surveyquestion",
    "pk": 62,
    "fields": {
      "section": 2,
      "text": "¿Existen centros de día para personas mayores en Daireaux?",
      "question_type": "single_choice",
      "is_required": false,
      "help_text": "",
      "order": 44
    }
  },
  {
    "model": "survey.surveyquestionoption",
    "pk": 223,
    "fields": {
      "question": 62,
      "text": "Sí",
      "value": "",
      "order": 1
    }
  },
  {
    "model": "survey.surveyquestionoption",
    "pk": 224,
    "fields": {
      "question": 62,
      "text": "No",
      "value": "",
      "order": 2
    }
  },
  {
    "model": "survey.surveyquestionoption",
    "pk": 225,
    "fields": {
      "question": 62,
      "text": "No sé",
      "value": "",
      "order": 3
    }
  },
  {
    "model": "survey.surveyquestion",
    "pk": 63,
    "fields": {
      "section": 2,
      "text": "Si respondió SÍ: ¿Cuáles?",
      "question_type": "text",
      "is_required": false,
      "help_text": "",
      "order": 45
    }
  },
  {
    "model": "survey.surveyquestioncondition",
    "pk": 21,
    "fields": {
      "parent_question": 62,
      "parent_option": 223,
      "child_question": 63
    }
  },
  {
    "model": "survey.surveyquestion",
    "pk": 64,
    "fields": {
      "section": 2,
      "text": "¿Existen servicios públicos de atención al adulto mayor en Daireaux?",
      "question_type": "single_choice",
      "is_required": false,
      "help_text": "",
      "order": 46
    }
  },
  {
    "model": "survey.surveyquestionoption",
    "pk": 226,
    "fields": {
      "question": 64,
      "text": "Sí",
      "value": "",
      "order": 1
    }
  },
  {
    "model": "survey.surveyquestionoption",
    "pk": 227,
    "fields": {
      "question": 64,
      "text": "No",
      "value": "",
      "order": 2
    }
  },
  {
    "model": "survey.surveyquestionoption",
    "pk": 228,
    "fields": {
      "question": 64,
      "text": "No sé",
      "value": "",
      "order": 3
    }
  },
  {
    "model": "survey.surveyquestion",
    "pk": 65,
    "fields": {
      "section": 2,
      "text": "Si respondió SÍ: ¿Cuáles?",
      "question_type": "text",
      "is_required": false,
      "help_text": "",
      "order": 47
    }
  },
  {
    "model": "survey.surveyquestioncondition",
    "pk": 22,
    "fields": {
      "parent_question": 64,
      "parent_option": 226,
      "child_question": 65
    }
  },
  {
    "model": "survey.surveysection",
    "pk": 3,
    "fields": {
      "survey": 1,
      "title": "Análisis de mi ciudad - Parte II",
      "description": "Lo que nos gusta de nuestra ciudad, las problemáticas con las que cotidianamente nos encontramos, cómo nos gustaría que nuestra ciudad sea en un futuro y cómo nos la imaginamos.",
      "order": 3
    }
  },
  {
    "model": "survey.surveyquestion",
    "pk": 66,
    "fields": {
      "section": 3,
      "text": "¿Qué es lo que más me gusta de mi localidad?",
      "question_type": "multiple_choice",
      "is_required": false,
      "help_text": "Seleccionar hasta 4 opciones",
      "order": 1
    }
  },
  {
    "model": "survey.surveyquestionoption",
    "pk": 229,
    "fields": {
      "question": 66,
      "text": "Tranquilidad",
      "value": "",
      "order": 1
    }
  },
  {
    "model": "survey.surveyquestionoption",
    "pk": 230,
    "fields": {
      "question": 66,
      "text": "Espacios verdes",
      "value": "",
      "order": 2
    }
  },
  {
    "model": "survey.surveyquestionoption",
    "pk": 231,
    "fields": {
      "question": 66,
      "text": "Deporte al aire libre",
      "value": "",
      "order": 3
    }
  },
  {
    "model": "survey.surveyquestionoption",
    "pk": 232,
    "fields": {
      "question": 66,
      "text": "Oportunidades laborales",
      "value": "",
      "order": 4
    }
  },
  {
    "model": "survey.surveyquestionoption",
    "pk": 233,
    "fields": {
      "question": 66,
      "text": "Oportunidades de crecimiento personal",
      "value": "",
      "order": 5
    }
  },
  {
    "model": "survey.surveyquestionoption",
    "pk": 234,
    "fields": {
      "question": 66,
      "text": "Desarrollo libre de la infancia",
      "value": "",
      "order": 6
    }
  },
  {
    "model": "survey.surveyquestionoption",
    "pk": 235,
    "fields": {
      "question": 66,
      "text": "Cuidado del ambiente",
      "value": "",
      "order": 7
    }
  },
  {
    "model": "survey.surveyquestionoption",
    "pk": 236,
    "fields": {
      "question": 66,
      "text": "Acceso (compra - alquiler) de la casa propia",
      "value": "",
      "order": 8
    }
  },
  {
    "model": "survey.surveyquestionoption",
    "pk": 237,
    "fields": {
      "question": 66,
      "text": "Seguridad",
      "value": "",
      "order": 9
    }
  },
  {
    "model": "survey.surveyquestionoption",
    "pk": 238,
    "fields": {
      "question": 66,
      "text": "Limpieza de la ciudad",
      "value": "",
      "order": 10
    }
  },
  {
    "model": "survey.surveyquestionoption",
    "pk": 239,
    "fields": {
      "question": 66,
      "text": "Sistema de salud",
      "value": "",
      "order": 11
    }
  },
  {
    "model": "survey.surveyquestionoption",
    "pk": 240,
    "fields": {
      "question": 66,
      "text": "Oferta educativa",
      "value": "",
      "order": 12
    }
  },
  {
    "model": "survey.surveyquestionoption",
    "pk": 241,
    "fields": {
      "question": 66,
      "text": "Desarrollo de los emprendimientos propios (en rubros variados)",
      "value": "",
      "order": 13
    }
  },
  {
    "model": "survey.surveyquestionoption",
    "pk": 242,
    "fields": {
      "question": 66,
      "text": "Hotelería",
      "value": "",
      "order": 14
    }
  },
  {
    "model": "survey.surveyquestionoption",
    "pk": 243,
    "fields": {
      "question": 66,
      "text": "Espacios turísticos",
      "value": "",
      "order": 15
    }
  },
  {
    "model": "survey.surveyquestionoption",
    "pk": 244,
    "fields": {
      "question": 66,
      "text": "Patrimonio cultural y arquitectónico",
      "value": "",
      "order": 16
    }
  },
  {
    "model": "survey.surveyquestionoption",
    "pk": 245,
    "fields": {
      "question": 66,
      "text": "Infraestructura y servicios",
      "value": "",
      "order": 17
    }
  },
  {
    "model": "survey.surveyquestionoption",
    "pk": 246,
    "fields": {
      "question": 66,
      "text": "Agua de calidad",
      "value": "",
      "order": 18
    }
  },
  {
    "model": "survey.surveyquestionoption",
    "pk": 247,
    "fields": {
      "question": 66,
      "text": "Opciones de entretenimiento / espacios de encuentro para jóvenes",
      "value": "",
      "order": 19
    }
  },
  {
    "model": "survey.surveyquestionoption",
    "pk": 248,
    "fields": {
      "question": 66,
      "text": "Centros de experimentación",
      "value": "",
      "order": 20
    }
  },
  {
    "model": "survey.surveyquestionoption",
    "pk": 249,
    "fields": {
      "question": 66,
      "text": "Actividades culturales",
      "value": "",
      "order": 21
    }
  },
  {
    "model": "survey.surveyquestion",
    "pk": 67,
    "fields": {
      "section": 3,
      "text": "¿En cuáles ejes se generan los problemas más importantes que existen?",
      "question_type": "multiple_choice",
      "is_required": false,
      "help_text": "Seleccionar hasta 4 opciones",
      "order": 2
    }
  },
  {
    "model": "survey.surveyquestionoption",
    "pk": 250,
    "fields": {
      "question": 67,
      "text": "Ruidos en el ambiente",
      "value": "",
      "order": 1
    }
  },
  {
    "model": "survey.surveyquestionoption",
    "pk": 251,
    "fields": {
      "question": 67,
      "text": "Espacios verdes",
      "value": "",
      "order": 2
    }
  },
  {
    "model": "survey.surveyquestionoption",
    "pk": 252,
    "fields": {
      "question": 67,
      "text": "Deportes al aire libre",
      "value": "",
      "order": 3
    }
  },
  {
    "model": "survey.surveyquestionoption",
    "pk": 253,
    "fields": {
      "question": 67,
      "text": "Oportunidades laborales",
      "value": "",
      "order": 4
    }
  },
  {
    "model": "survey.surveyquestionoption",
    "pk": 254,
    "fields": {
      "question": 67,
      "text": "Oportunidades de crecimiento personal",
      "value": "",
      "order": 5
    }
  },
  {
    "model": "survey.surveyquestionoption",
    "pk": 255,
    "fields": {
      "question": 67,
      "text": "Oportunidades para el desarrollo de la infancia",
      "value": "",
      "order": 6
    }
  },
  {
    "model": "survey.surveyquestionoption",
    "pk": 256,
    "fields": {
      "question": 67,
      "text": "Cuidado del ambiente",
      "value": "",
      "order": 7
    }
  },
  {
    "model": "survey.surveyquestionoption",
    "pk": 257,
    "fields": {
      "question": 67,
      "text": "Opciones para el acceso (compra o alquiler) a la casa propia",
      "value": "",
      "order": 8
    }
  },
  {
    "model": "survey.surveyquestionoption",
    "pk": 258,
    "fields": {
      "question": 67,
      "text": "Seguridad",
      "value": "",
      "order": 9
    }
  },
  {
    "model": "survey.surveyquestionoption",
    "pk": 259,
    "fields": {
      "question": 67,
      "text": "Limpieza de la ciudad",
      "value": "",
      "order": 10
    }
  },
  {
    "model": "survey.surveyquestionoption",
    "pk": 260,
    "fields": {
      "question": 67,
      "text": "Atención de salud",
      "value": "",
      "order": 11
    }
  },
  {
    "model": "survey.surveyquestionoption",
    "pk": 261,
    "fields": {
      "question": 67,
      "text": "Oferta educativa",
      "value": "",
      "order": 12
    }
  },
  {
    "model": "survey.surveyquestionoption",
    "pk": 262,
    "fields": {
      "question": 67,
      "text": "Opciones para el desarrollo de emprendimientos propios (en rubro variados)",
      "value": "",
      "order": 13
    }
  },
  {
    "model": "survey.surveyquestionoption",
    "pk": 263,
    "fields": {
      "question": 67,
      "text": "Alojamientos turísticos",
      "value": "",
      "order": 14
    }
  },
  {
    "model": "survey.surveyquestionoption",
    "pk": 264,
    "fields": {
      "question": 67,
      "text": "Espacios turísticos",
      "value": "",
      "order": 15
    }
  },
  {
    "model": "survey.surveyquestionoption",
    "pk": 265,
    "fields": {
      "question": 67,
      "text": "Patrimonio cultural y arquitectónico",
      "value": "",
      "order": 16
    }
  },
  {
    "model": "survey.surveyquestionoption",
    "pk": 266,
    "fields": {
      "question": 67,
      "text": "Infraestructura y servicios",
      "value": "",
      "order": 17
    }
  },
  {
    "model": "survey.surveyquestionoption",
    "pk": 267,
    "fields": {
      "question": 67,
      "text": "Calidad del agua",
      "value": "",
      "order": 18
    }
  },
  {
    "model": "survey.surveyquestionoption",
    "pk": 268,
    "fields": {
      "question": 67,
      "text": "Opciones de entretenimiento / espacio de encuentro para jóvenes",
      "value": "",
      "order": 19
    }
  },
  {
    "model": "survey.surveyquestionoption",
    "pk": 269,
    "fields": {
      "question": 67,
      "text": "Uso del suelo (actividades productivas en zonas residenciales, apropiación privada de espacios públicos, etc.)",
      "value": "",
      "order": 20
    }
  },
  {
    "model": "survey.surveyquestionoption",
    "pk": 270,
    "fields": {
      "question": 67,
      "text": "Tránsito",
      "value": "",
      "order": 21
    }
  },
  {
    "model": "survey.surveyquestion",
    "pk": 68,
    "fields": {
      "section": 3,
      "text": "¿Cómo me gustaría imaginar a Daireaux en el futuro?",
      "question_type": "multiple_choice",
      "is_required": false,
      "help_text": "Seleccionar hasta 4 opciones",
      "order": 3
    }
  },
  {
    "model": "survey.surveyquestionoption",
    "pk": 271,
    "fields": {
      "question": 68,
      "text": "Con mayor desarrollo económico y productivo",
      "value": "",
      "order": 1
    }
  },
  {
    "model": "survey.surveyquestionoption",
    "pk": 272,
    "fields": {
      "question": 68,
      "text": "Como un destino turístico",
      "value": "",
      "order": 2
    }
  },
  {
    "model": "survey.surveyquestionoption",
    "pk": 273,
    "fields": {
      "question": 68,
      "text": "Como un polo agro-industrial / industrial",
      "value": "",
      "order": 3
    }
  },
  {
    "model": "survey.surveyquestionoption",
    "pk": 274,
    "fields": {
      "question": 68,
      "text": "Como un distrito moderno, tecnológico e innovador (centros de investigación)",
      "value": "",
      "order": 4
    }
  },
  {
    "model": "survey.surveyquestionoption",
    "pk": 275,
    "fields": {
      "question": 68,
      "text": "Como una distrito agroexportador",
      "value": "",
      "order": 5
    }
  },
  {
    "model": "survey.surveyquestionoption",
    "pk": 276,
    "fields": {
      "question": 68,
      "text": "Como una incubadora de profesionales",
      "value": "",
      "order": 6
    }
  },
  {
    "model": "survey.surveyquestionoption",
    "pk": 277,
    "fields": {
      "question": 68,
      "text": "Un distrito que priorice la accesibilidad",
      "value": "",
      "order": 7
    }
  },
  {
    "model": "survey.surveyquestionoption",
    "pk": 278,
    "fields": {
      "question": 68,
      "text": "Como un distrito sustentable (energías limpias)",
      "value": "",
      "order": 8
    }
  },
  {
    "model": "survey.surveyquestionoption",
    "pk": 279,
    "fields": {
      "question": 68,
      "text": "Como un distrito modelo en atención de salud",
      "value": "",
      "order": 9
    }
  },
  {
    "model": "survey.surveyquestion",
    "pk": 69,
    "fields": {
      "section": 3,
      "text": "¿Que me gustaría que pase en mi ciudad en los próximos años?",
      "question_type": "text",
      "is_required": false,
      "help_text": "",
      "order": 4
    }
  },
  {
    "model": "survey.surveysection",
    "pk": 4,
    "fields": {
      "survey": 1,
      "title": "Análisis de mi ciudad - Parte III",
      "description": "En el siguiente cuadro se identifican algunos temas. Evalúe el estado de situación del mismo a partir de cuatro opciones (Muy bien/bien/regular/mal). Luego en un siguiente ítem usted puede recomendar contactos que considere que deben aportar su visión al Plan de Ordenamiento.",
      "order": 4
    }
  },
  {
    "model": "survey.surveyquestion",
    "pk": 70,
    "fields": {
      "section": 4,
      "text": "Estado de las calles de tierra",
      "question_type": "scale",
      "is_required": false,
      "help_text": "",
      "order": 1
    }
  },
  {
    "model": "survey.surveyquestionoption",
    "pk": 280,
    "fields": {
      "question": 70,
      "text": "Muy Bien",
      "value": "Muy Bien",
      "order": 1
    }
  },
  {
    "model": "survey.surveyquestionoption",
    "pk": 281,
    "fields": {
      "question": 70,
      "text": "Bien",
      "value": "Bien",
      "order": 2
    }
  },
  {
    "model": "survey.surveyquestionoption",
    "pk": 282,
    "fields": {
      "question": 70,
      "text": "Regular",
      "value": "Regular",
      "order": 3
    }
  },
  {
    "model": "survey.surveyquestionoption",
    "pk": 283,
    "fields": {
      "question": 70,
      "text": "Mal",
      "value": "Mal",
      "order": 4
    }
  },
  {
    "model": "survey.surveyquestion",
    "pk": 71,
    "fields": {
      "section": 4,
      "text": "Estado de las calles pavimentadas (si hubiera)",
      "question_type": "scale",
      "is_required": false,
      "help_text": "",
      "order": 2
    }
  },
  {
    "model": "survey.surveyquestionoption",
    "pk": 284,
    "fields": {
      "question": 71,
      "text": "Muy Bien",
      "value": "Muy Bien",
      "order": 1
    }
  },
  {
    "model": "survey.surveyquestionoption",
    "pk": 285,
    "fields": {
      "question": 71,
      "text": "Bien",
      "value": "Bien",
      "order": 2
    }
  },
  {
    "model": "survey.surveyquestionoption",
    "pk": 286,
    "fields": {
      "question": 71,
      "text": "Regular",
      "value": "Regular",
      "order": 3
    }
  },
  {
    "model": "survey.surveyquestionoption",
    "pk": 287,
    "fields": {
      "question": 71,
      "text": "Mal",
      "value": "Mal",
      "order": 4
    }
  },
  {
    "model": "survey.surveyquestion",
    "pk": 72,
    "fields": {
      "section": 4,
      "text": "Nomencladores y señalización en calles",
      "question_type": "scale",
      "is_required": false,
      "help_text": "",
      "order": 3
    }
  },
  {
    "model": "survey.surveyquestionoption",
    "pk": 288,
    "fields": {
      "question": 72,
      "text": "Muy Bien",
      "value": "Muy Bien",
      "order": 1
    }
  },
  {
    "model": "survey.surveyquestionoption",
    "pk": 289,
    "fields": {
      "question": 72,
      "text": "Bien",
      "value": "Bien",
      "order": 2
    }
  },
  {
    "model": "survey.surveyquestionoption",
    "pk": 290,
    "fields": {
      "question": 72,
      "text": "Regular",
      "value": "Regular",
      "order": 3
    }
  },
  {
    "model": "survey.surveyquestionoption",
    "pk": 291,
    "fields": {
      "question": 72,
      "text": "Mal",
      "value": "Mal",
      "order": 4
    }
  },
  {
    "model": "survey.surveyquestion",
    "pk": 73,
    "fields": {
      "section": 4,
      "text": "Espacios verdes, calidad de los mismos",
      "question_type": "scale",
      "is_required": false,
      "help_text": "",
      "order": 4
    }
  },
  {
    "model": "survey.surveyquestionoption",
    "pk": 292,
    "fields": {
      "question": 73,
      "text": "Muy Bien",
      "value": "Muy Bien",
      "order": 1
    }
  },
  {
    "model": "survey.surveyquestionoption",
    "pk": 293,
    "fields": {
      "question": 73,
      "text": "Bien",
      "value": "Bien",
      "order": 2
    }
  },
  {
    "model": "survey.surveyquestionoption",
    "pk": 294,
    "fields": {
      "question": 73,
      "text": "Regular",
      "value": "Regular",
      "order": 3
    }
  },
  {
    "model": "survey.surveyquestionoption",
    "pk": 295,
    "fields": {
      "question": 73,
      "text": "Mal",
      "value": "Mal",
      "order": 4
    }
  },
  {
    "model": "survey.surveyquestion",
    "pk": 74,
    "fields": {
      "section": 4,
      "text": "Recolección de la basura",
      "question_type": "scale",
      "is_required": false,
      "help_text": "",
      "order": 5
    }
  },
  {
    "model": "survey.surveyquestionoption",
    "pk": 296,
    "fields": {
      "question": 74,
      "text": "Muy Bien",
      "value": "Muy Bien",
      "order": 1
    }
  },
  {
    "model": "survey.surveyquestionoption",
    "pk": 297,
    "fields": {
      "question": 74,
      "text": "Bien",
      "value": "Bien",
      "order": 2
    }
  },
  {
    "model": "survey.surveyquestionoption",
    "pk": 298,
    "fields": {
      "question": 74,
      "text": "Regular",
      "value": "Regular",
      "order": 3
    }
  },
  {
    "model": "survey.surveyquestionoption",
    "pk": 299,
    "fields": {
      "question": 74,
      "text": "Mal",
      "value": "Mal",
      "order": 4
    }
  },
  {
    "model": "survey.surveyquestion",
    "pk": 75,
    "fields": {
      "section": 4,
      "text": "Tratamiento de la basura",
      "question_type": "scale",
      "is_required": false,
      "help_text": "",
      "order": 6
    }
  },
  {
    "model": "survey.surveyquestionoption",
    "pk": 300,
    "fields": {
      "question": 75,
      "text": "Muy Bien",
      "value": "Muy Bien",
      "order": 1
    }
  },
  {
    "model": "survey.surveyquestionoption",
    "pk": 301,
    "fields": {
      "question": 75,
      "text": "Bien",
      "value": "Bien",
      "order": 2
    }
  },
  {
    "model": "survey.surveyquestionoption",
    "pk": 302,
    "fields": {
      "question": 75,
      "text": "Regular",
      "value": "Regular",
      "order": 3
    }
  },
  {
    "model": "survey.surveyquestionoption",
    "pk": 303,
    "fields": {
      "question": 75,
      "text": "Mal",
      "value": "Mal",
      "order": 4
    }
  },
  {
    "model": "survey.surveyquestion",
    "pk": 76,
    "fields": {
      "section": 4,
      "text": "Estado de los accesos a la localidad",
      "question_type": "scale",
      "is_required": false,
      "help_text": "",
      "order": 7
    }
  },
  {
    "model": "survey.surveyquestionoption",
    "pk": 304,
    "fields": {
      "question": 76,
      "text": "Muy Bien",
      "value": "Muy Bien",
      "order": 1
    }
  },
  {
    "model": "survey.surveyquestionoption",
    "pk": 305,
    "fields": {
      "question": 76,
      "text": "Bien",
      "value": "Bien",
      "order": 2
    }
  },
  {
    "model": "survey.surveyquestionoption",
    "pk": 306,
    "fields": {
      "question": 76,
      "text": "Regular",
      "value": "Regular",
      "order": 3
    }
  },
  {
    "model": "survey.surveyquestionoption",
    "pk": 307,
    "fields": {
      "question": 76,
      "text": "Mal",
      "value": "Mal",
      "order": 4
    }
  },
  {
    "model": "survey.surveyquestion",
    "pk": 77,
    "fields": {
      "section": 4,
      "text": "¿Existe equipamiento deportivo?, ¿cómo está?",
      "question_type": "scale",
      "is_required": false,
      "help_text": "",
      "order": 8
    }
  },
  {
    "model": "survey.surveyquestionoption",
    "pk": 308,
    "fields": {
      "question": 77,
      "text": "Muy Bien",
      "value": "Muy Bien",
      "order": 1
    }
  },
  {
    "model": "survey.surveyquestionoption",
    "pk": 309,
    "fields": {
      "question": 77,
      "text": "Bien",
      "value": "Bien",
      "order": 2
    }
  },
  {
    "model": "survey.surveyquestionoption",
    "pk": 310,
    "fields": {
      "question": 77,
      "text": "Regular",
      "value": "Regular",
      "order": 3
    }
  },
  {
    "model": "survey.surveyquestionoption",
    "pk": 311,
    "fields": {
      "question": 77,
      "text": "Mal",
      "value": "Mal",
      "order": 4
    }
  },
  {
    "model": "survey.surveyquestion",
    "pk": 78,
    "fields": {
      "section": 4,
      "text": "¿Cómo están las escuelas?",
      "question_type": "scale",
      "is_required": false,
      "help_text": "",
      "order": 9
    }
  },
  {
    "model": "survey.surveyquestionoption",
    "pk": 312,
    "fields": {
      "question": 78,
      "text": "Muy Bien",
      "value": "Muy Bien",
      "order": 1
    }
  },
  {
    "model": "survey.surveyquestionoption",
    "pk": 313,
    "fields": {
      "question": 78,
      "text": "Bien",
      "value": "Bien",
      "order": 2
    }
  },
  {
    "model": "survey.surveyquestionoption",
    "pk": 314,
    "fields": {
      "question": 78,
      "text": "Regular",
      "value": "Regular",
      "order": 3
    }
  },
  {
    "model": "survey.surveyquestionoption",
    "pk": 315,
    "fields": {
      "question": 78,
      "text": "Mal",
      "value": "Mal",
      "order": 4
    }
  },
  {
    "model": "survey.surveyquestion",
    "pk": 79,
    "fields": {
      "section": 4,
      "text": "¿Los edificios de salud y sus servicios?",
      "question_type": "scale",
      "is_required": false,
      "help_text": "",
      "order": 10
    }
  },
  {
    "model": "survey.surveyquestionoption",
    "pk": 316,
    "fields": {
      "question": 79,
      "text": "Muy Bien",
      "value": "Muy Bien",
      "order": 1
    }
  },
  {
    "model": "survey.surveyquestionoption",
    "pk": 317,
    "fields": {
      "question": 79,
      "text": "Bien",
      "value": "Bien",
      "order": 2
    }
  },
  {
    "model": "survey.surveyquestionoption",
    "pk": 318,
    "fields": {
      "question": 79,
      "text": "Regular",
      "value": "Regular",
      "order": 3
    }
  },
  {
    "model": "survey.surveyquestionoption",
    "pk": 319,
    "fields": {
      "question": 79,
      "text": "Mal",
      "value": "Mal",
      "order": 4
    }
  },
  {
    "model": "survey.surveyquestion",
    "pk": 80,
    "fields": {
      "section": 4,
      "text": "¿Cómo está el cementerio?",
      "question_type": "scale",
      "is_required": false,
      "help_text": "",
      "order": 11
    }
  },
  {
    "model": "survey.surveyquestionoption",
    "pk": 320,
    "fields": {
      "question": 80,
      "text": "Muy Bien",
      "value": "Muy Bien",
      "order": 1
    }
  },
  {
    "model": "survey.surveyquestionoption",
    "pk": 321,
    "fields": {
      "question": 80,
      "text": "Bien",
      "value": "Bien",
      "order": 2
    }
  },
  {
    "model": "survey.surveyquestionoption",
    "pk": 322,
    "fields": {
      "question": 80,
      "text": "Regular",
      "value": "Regular",
      "order": 3
    }
  },
  {
    "model": "survey.surveyquestionoption",
    "pk": 323,
    "fields": {
      "question": 80,
      "text": "Mal",
      "value": "Mal",
      "order": 4
    }
  },
  {
    "model": "survey.surveyquestion",
    "pk": 81,
    "fields": {
      "section": 4,
      "text": "¿Cómo considera que está el patrimonio histórico?",
      "question_type": "scale",
      "is_required": false,
      "help_text": "",
      "order": 12
    }
  },
  {
    "model": "survey.surveyquestionoption",
    "pk": 324,
    "fields": {
      "question": 81,
      "text": "Muy Bien",
      "value": "Muy Bien",
      "order": 1
    }
  },
  {
    "model": "survey.surveyquestionoption",
    "pk": 325,
    "fields": {
      "question": 81,
      "text": "Bien",
      "value": "Bien",
      "order": 2
    }
  },
  {
    "model": "survey.surveyquestionoption",
    "pk": 326,
    "fields": {
      "question": 81,
      "text": "Regular",
      "value": "Regular",
      "order": 3
    }
  },
  {
    "model": "survey.surveyquestionoption",
    "pk": 327,
    "fields": {
      "question": 81,
      "text": "Mal",
      "value": "Mal",
      "order": 4
    }
  }
]
